{
    "user1": {
      "id":1,
      "Company": "XYZ Company",
      "Name":"Munonye Kindson",
      "Position":"Manager",
      "Location":"Davao City"
    },
  
    "user2":  {
      "id":2,
      "Company": "XYZ Company",
      "Name":"Imolode Saffron",
      "Position":"Secretary",
      "Location":"Davao City"
    },
  
    "user3":  {
      "id":3,
      "Company": "XYZ Company",
      "Name":"Munonye Othniel",
      "Position":"COO",
      "Location":"Davao City"
    },
  
    "user4": {
      "id":4,
      "Company": "XYZ Company",
      "Name":"tom thomas",
      "Position":"Accounting",
      "Location":"Davao City"
      
    }
}